run,checkpoint,program_sha,fold,ndcg,book_ndcg,revenue
mem_on_s0,5,6e82fcd508,fast_val,0.423724,0.446213,0.411436
mem_on_s0,5,6e82fcd508,full_test,0.422268,0.444121,0.419386
mem_on_s0,10,6e82fcd508,fast_val,0.423724,0.446213,0.411436
mem_on_s0,10,6e82fcd508,full_test,0.422268,0.444121,0.419386
mem_on_s0,15,6e82fcd508,fast_val,0.423724,0.446213,0.411436
mem_on_s0,15,6e82fcd508,full_test,0.422268,0.444121,0.419386
mem_on_s0,20,6e82fcd508,fast_val,0.423724,0.446213,0.411436
mem_on_s0,20,6e82fcd508,full_test,0.422268,0.444121,0.419386
mem_on_s0,25,6e82fcd508,fast_val,0.423724,0.446213,0.411436
mem_on_s0,25,6e82fcd508,full_test,0.422268,0.444121,0.419386
mem_on_s0,30,44355c733f,fast_val,0.423724,0.446213,0.411436
mem_on_s0,30,44355c733f,full_test,0.422268,0.444121,0.419386
mem_on_s0,35,6e82fcd508,fast_val,0.423724,0.446213,0.411436
mem_on_s0,35,6e82fcd508,full_test,0.422268,0.444121,0.419386
mem_on_s0,40,e3341d4246,fast_val,0.420211,0.445743,0.415533
mem_on_s0,40,e3341d4246,full_test,0.422917,0.445518,0.422341
mem_on_s1,5,907941f85b,fast_val,0.420015,0.443089,0.408818
mem_on_s1,5,907941f85b,full_test,0.421316,0.442626,0.416565
mem_on_s1,10,907941f85b,fast_val,0.420015,0.443089,0.408818
mem_on_s1,10,907941f85b,full_test,0.421316,0.442626,0.416565
mem_on_s1,15,907941f85b,fast_val,0.420015,0.443089,0.408818
mem_on_s1,15,907941f85b,full_test,0.421316,0.442626,0.416565
mem_on_s1,20,907941f85b,fast_val,0.420015,0.443089,0.408818
mem_on_s1,20,907941f85b,full_test,0.421316,0.442626,0.416565
mem_on_s1,25,907941f85b,fast_val,0.420015,0.443089,0.408818
mem_on_s1,25,907941f85b,full_test,0.421316,0.442626,0.416565
mem_on_s1,30,907941f85b,fast_val,0.420015,0.443089,0.408818
mem_on_s1,30,907941f85b,full_test,0.421316,0.442626,0.416565
mem_on_s1,35,907941f85b,fast_val,0.420015,0.443089,0.408818
mem_on_s1,35,907941f85b,full_test,0.421316,0.442626,0.416565
mem_on_s1,40,98d6d59727,fast_val,0.422659,0.444289,0.409845
mem_on_s1,40,98d6d59727,full_test,0.422195,0.444498,0.412090
mem_on_s2,5,aa4ce7e8fe,fast_val,0.421885,0.444568,0.410854
mem_on_s2,5,aa4ce7e8fe,full_test,0.422634,0.444954,0.419891
mem_on_s2,10,aa4ce7e8fe,fast_val,0.421885,0.444568,0.410854
mem_on_s2,10,aa4ce7e8fe,full_test,0.422634,0.444954,0.419891
mem_on_s2,15,ce817ebc2f,fast_val,0.421885,0.444568,0.410854
mem_on_s2,15,ce817ebc2f,full_test,0.422634,0.444954,0.419891
mem_on_s2,20,ce817ebc2f,fast_val,0.421885,0.444568,0.410854
mem_on_s2,20,ce817ebc2f,full_test,0.422634,0.444954,0.419891
mem_on_s2,25,ce817ebc2f,fast_val,0.421885,0.444568,0.410854
mem_on_s2,25,ce817ebc2f,full_test,0.422634,0.444954,0.419891
mem_on_s2,30,ce817ebc2f,fast_val,0.421885,0.444568,0.410854
mem_on_s2,30,ce817ebc2f,full_test,0.422634,0.444954,0.419891
mem_on_s2,35,5b07790558,fast_val,0.421885,0.444568,0.410854
mem_on_s2,35,5b07790558,full_test,0.422634,0.444954,0.419891
mem_on_s2,40,5b07790558,fast_val,0.421885,0.444568,0.410854
mem_on_s2,40,5b07790558,full_test,0.422634,0.444954,0.419891
mem_off_s0,5,8992289c2c,fast_val,0.422663,0.446637,0.414482
mem_off_s0,5,8992289c2c,full_test,0.421608,0.444060,0.415017
mem_off_s0,10,1f536620b6,fast_val,0.421748,0.444881,0.410406
mem_off_s0,10,1f536620b6,full_test,0.423204,0.445218,0.411729
mem_off_s0,15,a9fc383448,fast_val,0.422497,0.445316,0.407486
mem_off_s0,15,a9fc383448,full_test,0.421461,0.442867,0.412270
mem_off_s0,20,a9fc383448,fast_val,0.422497,0.445316,0.407486
mem_off_s0,20,a9fc383448,full_test,0.421461,0.442867,0.412270
mem_off_s0,25,a9fc383448,fast_val,0.422497,0.445316,0.407486
mem_off_s0,25,a9fc383448,full_test,0.421461,0.442867,0.412270
mem_off_s0,30,a9fc383448,fast_val,0.422497,0.445316,0.407486
mem_off_s0,30,a9fc383448,full_test,0.421461,0.442867,0.412270
mem_off_s0,35,a9fc383448,fast_val,0.422497,0.445316,0.407486
mem_off_s0,35,a9fc383448,full_test,0.421461,0.442867,0.412270
mem_off_s0,40,a9fc383448,fast_val,0.422497,0.445316,0.407486
mem_off_s0,40,a9fc383448,full_test,0.421461,0.442867,0.412270
mem_off_s1,5,ef3f9039b7,fast_val,0.422786,0.445038,0.409587
mem_off_s1,5,ef3f9039b7,full_test,0.422759,0.444526,0.412881
mem_off_s1,10,f6a6f4cc6c,fast_val,0.422009,0.446247,0.413708
mem_off_s1,10,f6a6f4cc6c,full_test,0.423891,0.446171,0.421416
mem_off_s1,15,f6a6f4cc6c,fast_val,0.422009,0.446247,0.413708
mem_off_s1,15,f6a6f4cc6c,full_test,0.423891,0.446171,0.421416
mem_off_s1,20,f6a6f4cc6c,fast_val,0.422009,0.446247,0.413708
mem_off_s1,20,f6a6f4cc6c,full_test,0.423891,0.446171,0.421416
mem_off_s1,25,4ef35fdfe9,fast_val,0.421653,0.445616,0.417606
mem_off_s1,25,4ef35fdfe9,full_test,0.423378,0.445538,0.420966
mem_off_s1,30,4ef35fdfe9,fast_val,0.421653,0.445616,0.417606
mem_off_s1,30,4ef35fdfe9,full_test,0.423378,0.445538,0.420966
mem_off_s1,35,4ef35fdfe9,fast_val,0.421653,0.445616,0.417606
mem_off_s1,35,4ef35fdfe9,full_test,0.423378,0.445538,0.420966
mem_off_s1,40,4ef35fdfe9,fast_val,0.421653,0.445616,0.417606
mem_off_s1,40,4ef35fdfe9,full_test,0.423378,0.445538,0.420966
mem_off_s2,5,c377cccf24,fast_val,0.426867,0.449896,0.413650
mem_off_s2,5,c377cccf24,full_test,0.420839,0.442379,0.413858
mem_off_s2,10,63aeea6f16,fast_val,0.422617,0.443792,0.406771
mem_off_s2,10,63aeea6f16,full_test,0.422380,0.444278,0.413903
mem_off_s2,15,63aeea6f16,fast_val,0.422617,0.443792,0.406771
mem_off_s2,15,63aeea6f16,full_test,0.422380,0.444278,0.413903
mem_off_s2,20,63aeea6f16,fast_val,0.422617,0.443792,0.406771
mem_off_s2,20,63aeea6f16,full_test,0.422380,0.444278,0.413903
mem_off_s2,25,63aeea6f16,fast_val,0.422617,0.443792,0.406771
mem_off_s2,25,63aeea6f16,full_test,0.422380,0.444278,0.413903
mem_off_s2,30,63aeea6f16,fast_val,0.422617,0.443792,0.406771
mem_off_s2,30,63aeea6f16,full_test,0.422380,0.444278,0.413903
mem_off_s2,35,19ac7529a8,fast_val,0.422617,0.443792,0.406771
mem_off_s2,35,19ac7529a8,full_test,0.422380,0.444278,0.413903
mem_off_s2,40,19ac7529a8,fast_val,0.422617,0.443792,0.406771
mem_off_s2,40,19ac7529a8,full_test,0.422380,0.444278,0.413903
probe_scores_s0,5,ddacd04a3d,fast_val,0.425550,0.448865,0.409100
probe_scores_s0,5,ddacd04a3d,full_test,0.423273,0.445047,0.418972
probe_scores_s0,10,ddacd04a3d,fast_val,0.425550,0.448865,0.409100
probe_scores_s0,10,ddacd04a3d,full_test,0.423273,0.445047,0.418972
probe_scores_s0,15,ddacd04a3d,fast_val,0.425550,0.448865,0.409100
probe_scores_s0,15,ddacd04a3d,full_test,0.423273,0.445047,0.418972
probe_scores_s0,20,6d1f6df434,fast_val,0.425587,0.448725,0.417258
probe_scores_s0,20,6d1f6df434,full_test,0.425696,0.448744,0.422837
probe_scores_s0,25,61b686b005,fast_val,0.425590,0.449874,0.418683
probe_scores_s0,25,61b686b005,full_test,0.425333,0.448640,0.423782
probe_scores_s0,30,3ec8b766ad,fast_val,0.426084,0.450590,0.416161
probe_scores_s0,30,3ec8b766ad,full_test,0.425169,0.448662,0.423065
probe_scores_s0,35,3ec8b766ad,fast_val,0.426084,0.450590,0.416161
probe_scores_s0,35,3ec8b766ad,full_test,0.425169,0.448662,0.423065
probe_scores_s0,40,7a62a2d430,fast_val,0.426486,0.452053,0.416978
probe_scores_s0,40,7a62a2d430,full_test,0.424504,0.447396,0.422355
probe_diag_s0,5,abd1e5e6cf,fast_val,0.423303,0.448246,0.416796
probe_diag_s0,5,abd1e5e6cf,full_test,0.421989,0.444030,0.418331
probe_diag_s0,10,d82b97f519,fast_val,0.423870,0.446110,0.410187
probe_diag_s0,10,d82b97f519,full_test,0.422202,0.444490,0.415864
probe_diag_s0,15,e9ff4b54ec,fast_val,0.424165,0.445552,0.412912
probe_diag_s0,15,e9ff4b54ec,full_test,0.421331,0.442987,0.416451
probe_diag_s0,20,e9ff4b54ec,fast_val,0.424165,0.445552,0.412912
probe_diag_s0,20,e9ff4b54ec,full_test,0.421331,0.442987,0.416451
probe_diag_s0,25,e9ff4b54ec,fast_val,0.424165,0.445552,0.412912
probe_diag_s0,25,e9ff4b54ec,full_test,0.421331,0.442987,0.416451
probe_diag_s0,30,e9ff4b54ec,fast_val,0.424165,0.445552,0.412912
probe_diag_s0,30,e9ff4b54ec,full_test,0.421331,0.442987,0.416451
probe_diag_s0,35,fd9a0103de,fast_val,0.425369,0.447588,0.412205
probe_diag_s0,35,fd9a0103de,full_test,0.420939,0.442684,0.417843
probe_diag_s0,40,e49777f7c9,fast_val,0.425369,0.447588,0.412205
probe_diag_s0,40,e49777f7c9,full_test,0.420939,0.442684,0.417843
probe_scores_s1,5,60b96914c3,fast_val,0.424126,0.448385,0.410419
probe_scores_s1,5,60b96914c3,full_test,0.422925,0.445199,0.419460
probe_scores_s1,10,60b96914c3,fast_val,0.424126,0.448385,0.410419
probe_scores_s1,10,60b96914c3,full_test,0.422925,0.445199,0.419460
probe_scores_s1,15,9701179a4b,fast_val,0.424631,0.448987,0.418488
probe_scores_s1,15,9701179a4b,full_test,0.423043,0.445641,0.421409
probe_scores_s1,20,9701179a4b,fast_val,0.424631,0.448987,0.418488
probe_scores_s1,20,9701179a4b,full_test,0.423043,0.445641,0.421409
probe_scores_s1,25,9701179a4b,fast_val,0.424631,0.448987,0.418488
probe_scores_s1,25,9701179a4b,full_test,0.423043,0.445641,0.421409
probe_scores_s1,30,3797441064,fast_val,0.424631,0.448987,0.418488
probe_scores_s1,30,3797441064,full_test,0.423043,0.445641,0.421409
probe_scores_s1,35,613bea3a47,fast_val,0.424631,0.448987,0.418488
probe_scores_s1,35,613bea3a47,full_test,0.423043,0.445641,0.421409
probe_scores_s1,40,d45375ae2a,fast_val,0.425602,0.449292,0.416588
probe_scores_s1,40,d45375ae2a,full_test,0.422366,0.444745,0.413089
probe_diag_s1,5,e97a9a23ee,fast_val,0.425559,0.448945,0.415910
probe_diag_s1,5,e97a9a23ee,full_test,0.422490,0.444250,0.418937
probe_diag_s1,10,e97a9a23ee,fast_val,0.425559,0.448945,0.415910
probe_diag_s1,10,e97a9a23ee,full_test,0.422490,0.444250,0.418937
probe_diag_s1,15,e97a9a23ee,fast_val,0.425559,0.448945,0.415910
probe_diag_s1,15,e97a9a23ee,full_test,0.422490,0.444250,0.418937
probe_diag_s1,20,e97a9a23ee,fast_val,0.425559,0.448945,0.415910
probe_diag_s1,20,e97a9a23ee,full_test,0.422490,0.444250,0.418937
probe_diag_s1,25,e97a9a23ee,fast_val,0.425559,0.448945,0.415910
probe_diag_s1,25,e97a9a23ee,full_test,0.422490,0.444250,0.418937
probe_diag_s1,30,e97a9a23ee,fast_val,0.425559,0.448945,0.415910
probe_diag_s1,30,e97a9a23ee,full_test,0.422490,0.444250,0.418937
probe_diag_s1,35,e97a9a23ee,fast_val,0.425559,0.448945,0.415910
probe_diag_s1,35,e97a9a23ee,full_test,0.422490,0.444250,0.418937
probe_diag_s1,40,d0c3d8cb1d,fast_val,0.425640,0.449256,0.417610
probe_diag_s1,40,d0c3d8cb1d,full_test,0.422422,0.444202,0.419317
probe_scores_s2,5,31626f9fa2,fast_val,0.423232,0.444644,0.408272
probe_scores_s2,5,31626f9fa2,full_test,0.423071,0.445262,0.415443
probe_scores_s2,10,560a292698,fast_val,0.425016,0.447215,0.412596
probe_scores_s2,10,560a292698,full_test,0.422554,0.444291,0.414849
probe_scores_s2,15,a33b8a979c,fast_val,0.425146,0.450041,0.417338
probe_scores_s2,15,a33b8a979c,full_test,0.421593,0.443372,0.418104
probe_scores_s2,20,a33b8a979c,fast_val,0.425146,0.450041,0.417338
probe_scores_s2,20,a33b8a979c,full_test,0.421593,0.443372,0.418104
probe_scores_s2,25,697f3f130a,fast_val,0.425532,0.449127,0.416860
probe_scores_s2,25,697f3f130a,full_test,0.422292,0.443824,0.417663
probe_scores_s2,30,697f3f130a,fast_val,0.425532,0.449127,0.416860
probe_scores_s2,30,697f3f130a,full_test,0.422292,0.443824,0.417663
probe_scores_s2,35,eb160cafc3,fast_val,0.426480,0.450746,0.416094
probe_scores_s2,35,eb160cafc3,full_test,0.423473,0.445756,0.421581
probe_scores_s2,40,eb160cafc3,fast_val,0.426480,0.450746,0.416094
probe_scores_s2,40,eb160cafc3,full_test,0.423473,0.445756,0.421581
probe_diag_s2,5,6a363dfe59,fast_val,0.423656,0.448787,0.416092
probe_diag_s2,5,6a363dfe59,full_test,0.423225,0.445920,0.419880
probe_diag_s2,10,6a363dfe59,fast_val,0.423656,0.448787,0.416092
probe_diag_s2,10,6a363dfe59,full_test,0.423225,0.445920,0.419880
probe_diag_s2,15,6a363dfe59,fast_val,0.423656,0.448787,0.416092
probe_diag_s2,15,6a363dfe59,full_test,0.423225,0.445920,0.419880
probe_diag_s2,20,607b4e2094,fast_val,0.426435,0.452462,0.417981
probe_diag_s2,20,607b4e2094,full_test,0.424908,0.448145,0.424258
probe_diag_s2,25,607b4e2094,fast_val,0.426435,0.452462,0.417981
probe_diag_s2,25,607b4e2094,full_test,0.424908,0.448145,0.424258
probe_diag_s2,30,607b4e2094,fast_val,0.426435,0.452462,0.417981
probe_diag_s2,30,607b4e2094,full_test,0.424908,0.448145,0.424258
probe_diag_s2,35,607b4e2094,fast_val,0.426435,0.452462,0.417981
probe_diag_s2,35,607b4e2094,full_test,0.424908,0.448145,0.424258
probe_diag_s2,40,607b4e2094,fast_val,0.426435,0.452462,0.417981
probe_diag_s2,40,607b4e2094,full_test,0.424908,0.448145,0.424258
